month,bidding_no,vehicle_class,premium
2010-01,1,Real Estate,18502
2010-01,1,Commercial,19190
2010-01,1,Unsecured,19001
2010-01,1,Auto,889
2010-01,1,Other,19889
2010-01,2,Real Estate,20501
2010-01,2,Commercial,22400
2010-01,2,Unsecured,20090
2010-01,2,Auto,852
2010-01,2,Other,21899
2010-02,1,Real Estate,19989
2010-02,1,Commercial,23180
2010-02,1,Unsecured,21390
2010-02,1,Auto,852
2010-02,1,Other,22401
2010-02,2,Real Estate,20340
2010-02,2,Commercial,23889
2010-02,2,Unsecured,23501
2010-02,2,Auto,1001
2010-02,2,Other,24229
2010-03,1,Real Estate,20802
2010-03,1,Commercial,26389
2010-03,1,Unsecured,27001
2010-03,1,Auto,1159
2010-03,1,Other,27590
2010-03,2,Real Estate,28389
2010-03,2,Commercial,36089
2010-03,2,Unsecured,32890
2010-03,2,Auto,1200
2010-03,2,Other,42001
2010-04,1,Real Estate,34001
2010-04,1,Commercial,45501
2010-04,1,Unsecured,36511
2010-04,1,Auto,1221
2010-04,1,Other,49000
2010-04,2,Real Estate,30000
2010-04,2,Commercial,40001
2010-04,2,Unsecured,35556
2010-04,2,Auto,1253
2010-04,2,Other,43003
2010-05,1,Real Estate,26102
2010-05,1,Commercial,38000
2010-05,1,Unsecured,32501
2010-05,1,Auto,1252
2010-05,1,Other,39002
2010-05,2,Real Estate,27389
2010-05,2,Commercial,34600
2010-05,2,Unsecured,29389
2010-05,2,Auto,1312
2010-05,2,Other,39000
2010-06,1,Real Estate,29501
2010-06,1,Commercial,35909
2010-06,1,Unsecured,31389
2010-06,1,Auto,1320
2010-06,1,Other,41010
2010-06,2,Real Estate,31510
2010-06,2,Commercial,39911
2010-06,2,Unsecured,31689
2010-06,2,Auto,1454
2010-06,2,Other,41006
2010-07,1,Real Estate,29501
2010-07,1,Commercial,35909
2010-07,1,Unsecured,31389
2010-07,1,Auto,1320
2010-07,1,Other,41010
2010-07,2,Real Estate,36162
2010-07,2,Commercial,42889
2010-07,2,Unsecured,30601
2010-07,2,Auto,1290
2010-07,2,Other,43565
2010-08,1,Real Estate,32104
2010-08,1,Commercial,43334
2010-08,1,Unsecured,30112
2010-08,1,Auto,1301
2010-08,1,Other,42901
2010-08,2,Real Estate,29000
2010-08,2,Commercial,42810
2010-08,2,Unsecured,30002
2010-08,2,Auto,1251
2010-08,2,Other,43501
2010-09,1,Real Estate,33089
2010-09,1,Commercial,44129
2010-09,1,Unsecured,33000
2010-09,1,Auto,1502
2010-09,1,Other,44001
2010-09,2,Real Estate,30001
2010-09,2,Commercial,42501
2010-09,2,Unsecured,31001
2010-09,2,Auto,1452
2010-09,2,Other,43290
2010-10,1,Real Estate,33132
2010-10,1,Commercial,42801
2010-10,1,Unsecured,30889
2010-10,1,Auto,1502
2010-10,1,Other,44090
2010-10,2,Real Estate,32415
2010-10,2,Commercial,44600
2010-10,2,Unsecured,30511
2010-10,2,Auto,1689
2010-10,2,Other,44900
2010-11,1,Real Estate,34001
2010-11,1,Commercial,45501
2010-11,1,Unsecured,31006
2010-11,1,Auto,1452
2010-11,1,Other,46001
2010-11,2,Real Estate,39000
2010-11,2,Commercial,47890
2010-11,2,Unsecured,31202
2010-11,2,Auto,1502
2010-11,2,Other,49890
2010-12,1,Real Estate,47604
2010-12,1,Commercial,62502
2010-12,1,Unsecured,32001
2010-12,1,Auto,1701
2010-12,1,Other,64900
2010-12,2,Real Estate,46129
2010-12,2,Commercial,72001
2010-12,2,Unsecured,33501
2010-12,2,Auto,1551
2010-12,2,Other,76102
2011-01,1,Real Estate,38889
2011-01,1,Commercial,69000
2011-01,1,Unsecured,35111
2011-01,1,Auto,1503
2011-01,1,Other,75789
2011-01,2,Real Estate,40123
2011-01,2,Commercial,58910
2011-01,2,Unsecured,30000
2011-01,2,Auto,1690
2011-01,2,Other,67009
2011-02,1,Real Estate,37124
2011-02,1,Commercial,53400
2011-02,1,Unsecured,28589
2011-02,1,Auto,1819
2011-02,1,Other,58890
2011-02,2,Real Estate,42999
2011-02,2,Commercial,62000
2011-02,2,Unsecured,29011
2011-02,2,Auto,2001
2011-02,2,Other,62001
2011-03,1,Real Estate,42600
2011-03,1,Commercial,61894
2011-03,1,Unsecured,30001
2011-03,1,Auto,2604
2011-03,1,Other,62010
2011-03,2,Real Estate,43813
2011-03,2,Commercial,57002
2011-03,2,Unsecured,29690
2011-03,2,Auto,2534
2011-03,2,Other,59073
2011-04,1,Real Estate,43212
2011-04,1,Commercial,55001
2011-04,1,Unsecured,28189
2011-04,1,Auto,2490
2011-04,1,Other,57100
2011-04,2,Real Estate,44000
2011-04,2,Commercial,56801
2011-04,2,Unsecured,23900
2011-04,2,Auto,2502
2011-04,2,Other,56001
2011-05,1,Real Estate,44790
2011-05,1,Commercial,56011
2011-05,1,Unsecured,21889
2011-05,1,Auto,2253
2011-05,1,Other,56490
2011-05,2,Real Estate,46989
2011-05,2,Commercial,56300
2011-05,2,Unsecured,22989
2011-05,2,Auto,2013
2011-05,2,Other,56889
2011-06,1,Real Estate,53390
2011-06,1,Commercial,63000
2011-06,1,Unsecured,29006
2011-06,1,Auto,2491
2011-06,1,Other,62000
2011-06,2,Real Estate,50244
2011-06,2,Commercial,67700
2011-06,2,Unsecured,31089
2011-06,2,Auto,2290
2011-06,2,Other,65490
2011-07,1,Real Estate,55989
2011-07,1,Commercial,68501
2011-07,1,Unsecured,32590
2011-07,1,Auto,2360
2011-07,1,Other,68811
2011-07,2,Real Estate,56002
2011-07,2,Commercial,72501
2011-07,2,Unsecured,34502
2011-07,2,Auto,2012
2011-07,2,Other,74490
2011-08,1,Real Estate,48801
2011-08,1,Commercial,70890
2011-08,1,Unsecured,34009
2011-08,1,Auto,1890
2011-08,1,Other,70117
2011-08,2,Real Estate,49301
2011-08,2,Commercial,65521
2011-08,2,Unsecured,32289
2011-08,2,Auto,1999
2011-08,2,Other,67000
2011-09,1,Real Estate,51000
2011-09,1,Commercial,63002
2011-09,1,Unsecured,31900
2011-09,1,Auto,2339
2011-09,1,Other,65589
2011-09,2,Real Estate,48006
2011-09,2,Commercial,64889
2011-09,2,Unsecured,30089
2011-09,2,Auto,2109
2011-09,2,Other,62502
2011-10,1,Real Estate,50289
2011-10,1,Commercial,63600
2011-10,1,Unsecured,32801
2011-10,1,Auto,2078
2011-10,1,Other,65058
2011-10,2,Real Estate,56112
2011-10,2,Commercial,75889
2011-10,2,Unsecured,37011
2011-10,2,Auto,2091
2011-10,2,Other,73600
2011-11,1,Real Estate,55997
2011-11,1,Commercial,77000
2011-11,1,Unsecured,40803
2011-11,1,Auto,2012
2011-11,1,Other,78001
2011-11,2,Real Estate,54887
2011-11,2,Commercial,77340
2011-11,2,Unsecured,40189
2011-11,2,Auto,1889
2011-11,2,Other,75889
2011-12,1,Real Estate,52392
2011-12,1,Commercial,72350
2011-12,1,Unsecured,40009
2011-12,1,Auto,1902
2011-12,1,Other,74340
2011-12,2,Real Estate,50001
2011-12,2,Commercial,70003
2011-12,2,Unsecured,39589
2011-12,2,Auto,1481
2011-12,2,Other,71000
2012-01,1,Real Estate,46889
2012-01,1,Commercial,65801
2012-01,1,Unsecured,38699
2012-01,1,Auto,1682
2012-01,1,Other,65700
2012-01,2,Real Estate,48112
2012-01,2,Commercial,67889
2012-01,2,Unsecured,44001
2012-01,2,Auto,1552
2012-01,2,Other,67101
2012-02,1,Real Estate,52809
2012-02,1,Commercial,73890
2012-02,1,Unsecured,49801
2012-02,1,Auto,1802
2012-02,1,Other,73801
2012-02,2,Real Estate,57009
2012-02,2,Commercial,78189
2012-02,2,Unsecured,52004
2012-02,2,Auto,2012
2012-02,2,Other,78000
2012-03,1,Real Estate,56551
2012-03,1,Commercial,79304
2012-03,1,Unsecured,50009
2012-03,1,Auto,1490
2012-03,1,Other,76881
2012-03,2,Real Estate,56501
2012-03,2,Commercial,82003
2012-03,2,Unsecured,51511
2012-03,2,Auto,2000
2012-03,2,Other,80101
2012-04,1,Real Estate,58501
2012-04,1,Commercial,83700
2012-04,1,Unsecured,53989
2012-04,1,Auto,1896
2012-04,1,Other,84590
2012-04,2,Real Estate,64201
2012-04,2,Commercial,91000
2012-04,2,Unsecured,57589
2012-04,2,Auto,1924
2012-04,2,Other,92010
2012-05,1,Real Estate,62600
2012-05,1,Commercial,92050
2012-05,1,Unsecured,58553
2012-05,1,Auto,2021
2012-05,1,Other,88990
2012-05,2,Real Estate,58001
2012-05,2,Commercial,85216
2012-05,2,Unsecured,57106
2012-05,2,Auto,1890
2012-05,2,Other,86889
2012-06,1,Real Estate,59003
2012-06,1,Commercial,83000
2012-06,1,Unsecured,54522
2012-06,1,Auto,1912
2012-06,1,Other,85889
2012-06,2,Real Estate,59004
2012-06,2,Commercial,85400
2012-06,2,Unsecured,54502
2012-06,2,Auto,1712
2012-06,2,Other,84389
2012-07,1,Real Estate,59421
2012-07,1,Commercial,82289
2012-07,1,Unsecured,55556
2012-07,1,Auto,1760
2012-07,1,Other,86999
2012-07,2,Real Estate,68656
2012-07,2,Commercial,90501
2012-07,2,Unsecured,55805
2012-07,2,Auto,1859
2012-07,2,Other,92700
2012-08,1,Real Estate,73501
2012-08,1,Commercial,94502
2012-08,1,Unsecured,57001
2012-08,1,Auto,2081
2012-08,1,Other,95034
2012-08,2,Real Estate,66889
2012-08,2,Commercial,88002
2012-08,2,Unsecured,59334
2012-08,2,Auto,2013
2012-08,2,Other,93990
2012-09,1,Real Estate,68000
2012-09,1,Commercial,80191
2012-09,1,Unsecured,57334
2012-09,1,Auto,1801
2012-09,1,Other,87999
2012-09,2,Real Estate,63000
2012-09,2,Commercial,88500
2012-09,2,Unsecured,57809
2012-09,2,Auto,1852
2012-09,2,Other,89990
2012-10,1,Real Estate,69000
2012-10,1,Commercial,80001
2012-10,1,Unsecured,56001
2012-10,1,Auto,1912
2012-10,1,Other,86889
2012-10,2,Real Estate,71001
2012-10,2,Commercial,85801
2012-10,2,Unsecured,57889
2012-10,2,Auto,1920
2012-10,2,Other,87000
2012-11,1,Real Estate,77201
2012-11,1,Commercial,92400
2012-11,1,Unsecured,59111
2012-11,1,Auto,1959
2012-11,1,Other,92100
2012-11,2,Real Estate,77291
2012-11,2,Commercial,93004
2012-11,2,Unsecured,60235
2012-11,2,Auto,1689
2012-11,2,Other,93990
2012-12,1,Real Estate,78523
2012-12,1,Commercial,90200
2012-12,1,Unsecured,63035
2012-12,1,Auto,1612
2012-12,1,Other,97000
2012-12,2,Real Estate,81889
2012-12,2,Commercial,93501
2012-12,2,Unsecured,62201
2012-12,2,Auto,1701
2012-12,2,Other,95990
2013-01,1,Real Estate,92100
2013-01,1,Commercial,96210
2013-01,1,Unsecured,60000
2013-01,1,Auto,1933
2013-01,1,Other,96101
2013-01,2,Real Estate,91010
2013-01,2,Commercial,95501
2013-01,2,Unsecured,57051
2013-01,2,Auto,1781
2013-01,2,Other,97889
2013-02,1,Real Estate,87109
2013-02,1,Commercial,92901
2013-02,1,Unsecured,54989
2013-02,1,Auto,1782
2013-02,1,Other,94890
2013-02,2,Real Estate,78301
2013-02,2,Commercial,92667
2013-02,2,Unsecured,53489
2013-02,2,Auto,1512
2013-02,2,Other,91910
2013-03,1,Real Estate,74689
2013-03,1,Commercial,58090
2013-03,1,Unsecured,53900
2013-03,1,Auto,1895
2013-03,1,Other,65001
2013-03,2,Real Estate,64209
2013-03,2,Commercial,73900
2013-03,2,Unsecured,54111
2013-03,2,Auto,1909
2013-03,2,Other,73301
2013-04,1,Real Estate,61029
2013-04,1,Commercial,67010
2013-04,1,Unsecured,56011
2013-04,1,Auto,1812
2013-04,1,Other,66989
2013-04,2,Real Estate,62497
2013-04,2,Commercial,62000
2013-04,2,Unsecured,58502
2013-04,2,Auto,1791
2013-04,2,Other,62000
2013-05,1,Real Estate,62999
2013-05,1,Commercial,61700
2013-05,1,Unsecured,57051
2013-05,1,Auto,1700
2013-05,1,Other,62301
2013-05,2,Real Estate,64839
2013-05,2,Commercial,67304
2013-05,2,Unsecured,56889
2013-05,2,Auto,1663
2013-05,2,Other,66701
2013-06,1,Real Estate,67301
2013-06,1,Commercial,75000
2013-06,1,Unsecured,57989
2013-06,1,Auto,1701
2013-06,1,Other,76000
2013-06,2,Real Estate,69903
2013-06,2,Commercial,81751
2013-06,2,Unsecured,59001
2013-06,2,Auto,1712
2013-06,2,Other,83001
2013-07,1,Real Estate,73100
2013-07,1,Commercial,77110
2013-07,1,Unsecured,61011
2013-07,1,Auto,1610
2013-07,1,Other,77000
2013-07,2,Real Estate,73989
2013-07,2,Commercial,76389
2013-07,2,Unsecured,65036
2013-07,2,Auto,1712
2013-07,2,Other,76802
2013-08,1,Real Estate,75556
2013-08,1,Commercial,77600
2013-08,1,Unsecured,68251
2013-08,1,Auto,1792
2013-08,1,Other,77989
2013-08,2,Real Estate,76223
2013-08,2,Commercial,76607
2013-08,2,Unsecured,71001
2013-08,2,Auto,1722
2013-08,2,Other,79223
2013-09,1,Real Estate,77304
2013-09,1,Commercial,77100
2013-09,1,Unsecured,73999
2013-09,1,Auto,1660
2013-09,1,Other,80000
2013-09,2,Real Estate,83751
2013-09,2,Commercial,86239
2013-09,2,Unsecured,76001
2013-09,2,Auto,1703
2013-09,2,Other,87001
2013-10,1,Real Estate,85000
2013-10,1,Commercial,93500
2013-10,1,Unsecured,76310
2013-10,1,Auto,1961
2013-10,1,Other,93889
2013-10,2,Real Estate,76889
2013-10,2,Commercial,87910
2013-10,2,Unsecured,68002
2013-10,2,Auto,1804
2013-10,2,Other,92289
2013-11,1,Real Estate,72609
2013-11,1,Commercial,84578
2013-11,1,Unsecured,55503
2013-11,1,Auto,1710
2013-11,1,Other,89001
2013-11,2,Real Estate,74991
2013-11,2,Commercial,79300
2013-11,2,Unsecured,55002
2013-11,2,Auto,1712
2013-11,2,Other,83000
2013-12,1,Real Estate,73160
2013-12,1,Commercial,73010
2013-12,1,Unsecured,51112
2013-12,1,Auto,1782
2013-12,1,Other,76901
2013-12,2,Real Estate,74002
2013-12,2,Commercial,75700
2013-12,2,Unsecured,48001
2013-12,2,Auto,1812
2013-12,2,Other,77501
2014-01,1,Real Estate,72369
2014-01,1,Commercial,78700
2014-01,1,Unsecured,48889
2014-01,1,Auto,1989
2014-01,1,Other,79000
2014-01,2,Real Estate,72290
2014-01,2,Commercial,79000
2014-01,2,Unsecured,50001
2014-01,2,Auto,2704
2014-01,2,Other,78810
2014-02,1,Real Estate,71564
2014-02,1,Commercial,75300
2014-02,1,Unsecured,51002
2014-02,1,Auto,3051
2014-02,1,Other,77003
2014-02,2,Real Estate,77201
2014-02,2,Commercial,78604
2014-02,2,Unsecured,52890
2014-02,2,Auto,3501
2014-02,2,Other,79000
2014-03,1,Real Estate,76999
2014-03,1,Commercial,80710
2014-03,1,Unsecured,56302
2014-03,1,Auto,4001
2014-03,1,Other,82000
2014-03,2,Real Estate,78602
2014-03,2,Commercial,82900
2014-03,2,Unsecured,53891
2014-03,2,Auto,4289
2014-03,2,Other,84001
2014-04,1,Real Estate,77400
2014-04,1,Commercial,84504
2014-04,1,Unsecured,49503
2014-04,1,Auto,4489
2014-04,1,Other,84100
2014-04,2,Real Estate,71335
2014-04,2,Commercial,75010
2014-04,2,Unsecured,32890
2014-04,2,Auto,4502
2014-04,2,Other,73810
2014-05,1,Real Estate,60002
2014-05,1,Commercial,70002
2014-05,1,Unsecured,36301
2014-05,1,Auto,4001
2014-05,1,Other,65501
2014-05,2,Real Estate,65689
2014-05,2,Commercial,68103
2014-05,2,Unsecured,40889
2014-05,2,Auto,4003
2014-05,2,Other,67290
2014-06,1,Real Estate,63190
2014-06,1,Commercial,67304
2014-06,1,Unsecured,43001
2014-06,1,Auto,4089
2014-06,1,Other,67334
2014-06,2,Real Estate,61899
2014-06,2,Commercial,65700
2014-06,2,Unsecured,42001
2014-06,2,Auto,3890
2014-06,2,Other,65301
2014-07,1,Real Estate,61990
2014-07,1,Commercial,64889
2014-07,1,Unsecured,43390
2014-07,1,Auto,4001
2014-07,1,Other,63001
2014-07,2,Real Estate,62890
2014-07,2,Commercial,65001
2014-07,2,Unsecured,52010
2014-07,2,Auto,4252
2014-07,2,Other,65002
2014-08,1,Real Estate,64600
2014-08,1,Commercial,68689
2014-08,1,Unsecured,54009
2014-08,1,Auto,4353
2014-08,1,Other,69001
2014-08,2,Real Estate,65710
2014-08,2,Commercial,72990
2014-08,2,Unsecured,52390
2014-08,2,Auto,4354
2014-08,2,Other,72810
2014-09,1,Real Estate,64841
2014-09,1,Commercial,73010
2014-09,1,Unsecured,49901
2014-09,1,Auto,4453
2014-09,1,Other,74403
2014-09,2,Real Estate,62000
2014-09,2,Commercial,71990
2014-09,2,Unsecured,49889
2014-09,2,Auto,4504
2014-09,2,Other,74801
2014-10,1,Real Estate,63880
2014-10,1,Commercial,72180
2014-10,1,Unsecured,57389
2014-10,1,Auto,4800
2014-10,1,Other,72003
2014-10,2,Real Estate,63990
2014-10,2,Commercial,72002
2014-10,2,Unsecured,61000
2014-10,2,Auto,4412
2014-10,2,Other,72201
2014-11,1,Real Estate,64900
2014-11,1,Commercial,70890
2014-11,1,Unsecured,63701
2014-11,1,Auto,4290
2014-11,1,Other,71300
2014-11,2,Real Estate,67889
2014-11,2,Commercial,72890
2014-11,2,Unsecured,65001
2014-11,2,Auto,4189
2014-11,2,Other,73900
2014-12,1,Real Estate,67089
2014-12,1,Commercial,74389
2014-12,1,Unsecured,60001
2014-12,1,Auto,4210
2014-12,1,Other,76904
2014-12,2,Real Estate,65889
2014-12,2,Commercial,74000
2014-12,2,Unsecured,52100
2014-12,2,Auto,4312
2014-12,2,Other,73990
2015-01,1,Real Estate,66010
2015-01,1,Commercial,75289
2015-01,1,Unsecured,55011
2015-01,1,Auto,4403
2015-01,1,Other,75200
2015-01,2,Real Estate,65001
2015-01,2,Commercial,76889
2015-01,2,Unsecured,55012
2015-01,2,Auto,4889
2015-01,2,Other,76790
2015-02,1,Real Estate,62002
2015-02,1,Commercial,70890
2015-02,1,Unsecured,52101
2015-02,1,Auto,5504
2015-02,1,Other,71921
2015-02,2,Real Estate,57199
2015-02,2,Commercial,66751
2015-02,2,Unsecured,53202
2015-02,2,Auto,5800
2015-02,2,Other,67901
2015-03,1,Real Estate,61410
2015-03,1,Commercial,68668
2015-03,1,Unsecured,56501
2015-03,1,Auto,5501
2015-03,1,Other,70500
2015-03,2,Real Estate,64700
2015-03,2,Commercial,71889
2015-03,2,Unsecured,59999
2015-03,2,Auto,5610
2015-03,2,Other,72100
2015-04,1,Real Estate,67749
2015-04,1,Commercial,76612
2015-04,1,Unsecured,64001
2015-04,1,Auto,6312
2015-04,1,Other,78000
2015-04,2,Real Estate,67601
2015-04,2,Commercial,78001
2015-04,2,Unsecured,53001
2015-04,2,Auto,6801
2015-04,2,Other,79500
2015-05,1,Real Estate,68589
2015-05,1,Commercial,77600
2015-05,1,Unsecured,50098
2015-05,1,Auto,6512
2015-05,1,Other,78004
2015-05,2,Real Estate,66590
2015-05,2,Commercial,75002
2015-05,2,Unsecured,52001
2015-05,2,Auto,6501
2015-05,2,Other,78001
2015-06,1,Real Estate,66000
2015-06,1,Commercial,75000
2015-06,1,Unsecured,50900
2015-06,1,Auto,6509
2015-06,1,Other,75801
2015-06,2,Real Estate,61000
2015-06,2,Commercial,71509
2015-06,2,Unsecured,50502
2015-06,2,Auto,6401
2015-06,2,Other,74501
2015-07,1,Real Estate,58700
2015-07,1,Commercial,65501
2015-07,1,Unsecured,50001
2015-07,1,Auto,6508
2015-07,1,Other,69001
2015-07,2,Real Estate,55889
2015-07,2,Commercial,58109
2015-07,2,Unsecured,50002
2015-07,2,Auto,6312
2015-07,2,Other,60101
2015-08,1,Real Estate,56209
2015-08,1,Commercial,60789
2015-08,1,Unsecured,49302
2015-08,1,Auto,6201
2015-08,1,Other,57885
2015-08,2,Real Estate,57498
2015-08,2,Commercial,62140
2015-08,2,Unsecured,46501
2015-08,2,Auto,6112
2015-08,2,Other,61001
2015-09,1,Real Estate,57089
2015-09,1,Commercial,62101
2015-09,1,Unsecured,46801
2015-09,1,Auto,6512
2015-09,1,Other,61010
2015-09,2,Real Estate,55399
2015-09,2,Commercial,60001
2015-09,2,Unsecured,45289
2015-09,2,Auto,6158
2015-09,2,Other,61300
2015-10,1,Real Estate,56001
2015-10,1,Commercial,58190
2015-10,1,Unsecured,44890
2015-10,1,Auto,6201
2015-10,1,Other,58801
2015-10,2,Real Estate,57301
2015-10,2,Commercial,59889
2015-10,2,Unsecured,42303
2015-10,2,Auto,6302
2015-10,2,Other,60000
2015-11,1,Real Estate,56001
2015-11,1,Commercial,57501
2015-11,1,Unsecured,43809
2015-11,1,Auto,5912
2015-11,1,Other,60689
2015-11,2,Real Estate,59200
2015-11,2,Commercial,61103
2015-11,2,Unsecured,45890
2015-11,2,Auto,6502
2015-11,2,Other,62019
2015-12,1,Real Estate,56989
2015-12,1,Commercial,60001
2015-12,1,Unsecured,48101
2015-12,1,Auto,6501
2015-12,1,Other,60003
2015-12,2,Real Estate,54301
2015-12,2,Commercial,55001
2015-12,2,Unsecured,46001
2015-12,2,Auto,6600
2015-12,2,Other,57501
2016-01,1,Real Estate,45002
2016-01,1,Commercial,54920
2016-01,1,Unsecured,42036
2016-01,1,Auto,6889
2016-01,1,Other,55089
2016-01,2,Real Estate,51301
2016-01,2,Commercial,50089
2016-01,2,Unsecured,46502
2016-01,2,Auto,6512
2016-01,2,Other,51000
2016-02,1,Real Estate,46651
2016-02,1,Commercial,38610
2016-02,1,Unsecured,45036
2016-02,1,Auto,6503
2016-02,1,Other,44001
2016-02,2,Real Estate,43000
2016-02,2,Commercial,46970
2016-02,2,Unsecured,45001
2016-02,2,Auto,6353
2016-02,2,Other,45009
2016-03,1,Real Estate,45000
2016-03,1,Commercial,47604
2016-03,1,Unsecured,48890
2016-03,1,Auto,6503
2016-03,1,Other,48002
2016-03,2,Real Estate,45504
2016-03,2,Commercial,46502
2016-03,2,Unsecured,46502
2016-03,2,Auto,6589
2016-03,2,Other,46667
2016-04,1,Real Estate,46009
2016-04,1,Commercial,47000
2016-04,1,Unsecured,44213
2016-04,1,Auto,6503
2016-04,1,Other,47510
2016-04,2,Real Estate,47300
2016-04,2,Commercial,49602
2016-04,2,Unsecured,43002
2016-04,2,Auto,6501
2016-04,2,Other,49501
2016-05,1,Real Estate,47889
2016-05,1,Commercial,51010
2016-05,1,Unsecured,42302
2016-05,1,Auto,6302
2016-05,1,Other,49000
2016-05,2,Real Estate,47020
2016-05,2,Commercial,49156
2016-05,2,Unsecured,43002
2016-05,2,Auto,6303
2016-05,2,Other,49700
2016-06,1,Real Estate,53694
2016-06,1,Commercial,56000
2016-06,1,Unsecured,46434
2016-06,1,Auto,6302
2016-06,1,Other,55100
2016-06,2,Real Estate,55200
2016-06,2,Commercial,57010
2016-06,2,Unsecured,48002
2016-06,2,Auto,6303
2016-06,2,Other,57390
2016-07,1,Real Estate,52301
2016-07,1,Commercial,56089
2016-07,1,Unsecured,47889
2016-07,1,Auto,6012
2016-07,1,Other,56002
2016-07,2,Real Estate,53000
2016-07,2,Commercial,57508
2016-07,2,Unsecured,49890
2016-07,2,Auto,6302
2016-07,2,Other,57501
2016-08,1,Real Estate,52503
2016-08,1,Commercial,57903
2016-08,1,Unsecured,48302
2016-08,1,Auto,6206
2016-08,1,Other,58201
2016-08,2,Real Estate,53334
2016-08,2,Commercial,56500
2016-08,2,Unsecured,48001
2016-08,2,Auto,6352
2016-08,2,Other,56956
2016-09,1,Real Estate,51506
2016-09,1,Commercial,57002
2016-09,1,Unsecured,49801
2016-09,1,Auto,6452
2016-09,1,Other,56889
2016-09,2,Real Estate,50000
2016-09,2,Commercial,55501
2016-09,2,Unsecured,49890
2016-09,2,Auto,6501
2016-09,2,Other,55201
2016-10,1,Real Estate,51507
2016-10,1,Commercial,53001
2016-10,1,Unsecured,48702
2016-10,1,Auto,6353
2016-10,1,Other,54200
2016-10,2,Real Estate,50991
2016-10,2,Commercial,56410
2016-10,2,Unsecured,45589
2016-10,2,Auto,6354
2016-10,2,Other,56340
2016-11,1,Real Estate,52668
2016-11,1,Commercial,56206
2016-11,1,Unsecured,48001
2016-11,1,Auto,6311
2016-11,1,Other,56000
2016-11,2,Real Estate,50951
2016-11,2,Commercial,53001
2016-11,2,Unsecured,49002
2016-11,2,Auto,6212
2016-11,2,Other,54901
2016-12,1,Real Estate,48000
2016-12,1,Commercial,46229
2016-12,1,Unsecured,51209
2016-12,1,Auto,6113
2016-12,1,Other,50010
2016-12,2,Real Estate,49751
2016-12,2,Commercial,51109
2016-12,2,Unsecured,49500
2016-12,2,Auto,6101
2016-12,2,Other,50389
2017-01,1,Real Estate,50101
2017-01,1,Commercial,53106
2017-01,1,Unsecured,46302
2017-01,1,Auto,6053
2017-01,1,Other,53001
2017-01,2,Real Estate,50889
2017-01,2,Commercial,52807
2017-01,2,Unsecured,47001
2017-01,2,Auto,6052
2017-01,2,Other,52600
2017-02,1,Real Estate,48401
2017-02,1,Commercial,48209
2017-02,1,Unsecured,48901
2017-02,1,Auto,6412
2017-02,1,Other,48556
2017-02,2,Real Estate,49430
2017-02,2,Commercial,50621
2017-02,2,Unsecured,49810
2017-02,2,Auto,6801
2017-02,2,Other,51000
2017-03,1,Real Estate,50789
2017-03,1,Commercial,53300
2017-03,1,Unsecured,49002
2017-03,1,Auto,7483
2017-03,1,Other,53001
2017-03,2,Real Estate,51765
2017-03,2,Commercial,54000
2017-03,2,Unsecured,47036
2017-03,2,Auto,8081
2017-03,2,Other,54501
2017-04,1,Real Estate,52000
2017-04,1,Commercial,54405
2017-04,1,Unsecured,45906
2017-04,1,Auto,7589
2017-04,1,Other,54556
2017-04,2,Real Estate,51600
2017-04,2,Commercial,54406
2017-04,2,Unsecured,26501
2017-04,2,Auto,6712
2017-04,2,Other,54616
2017-05,1,Real Estate,51106
2017-05,1,Commercial,55414
2017-05,1,Unsecured,26029
2017-05,1,Auto,6301
2017-05,1,Other,55000
2017-05,2,Real Estate,46489
2017-05,2,Commercial,53001
2017-05,2,Unsecured,30600
2017-05,2,Auto,6101
2017-05,2,Other,52000
2017-06,1,Real Estate,45201
2017-06,1,Commercial,50110
2017-06,1,Unsecured,38501
2017-06,1,Auto,6101
2017-06,1,Other,50526
2017-06,2,Real Estate,42801
2017-06,2,Commercial,47501
2017-06,2,Unsecured,36879
2017-06,2,Auto,6001
2017-06,2,Other,48001
2017-07,1,Real Estate,42801
2017-07,1,Commercial,49802
2017-07,1,Unsecured,40212
2017-07,1,Auto,6001
2017-07,1,Other,49899
2017-07,2,Real Estate,44002
2017-07,2,Commercial,50001
2017-07,2,Unsecured,42809
2017-07,2,Auto,5851
2017-07,2,Other,50101
2017-08,1,Real Estate,46778
2017-08,1,Commercial,53711
2017-08,1,Unsecured,42801
2017-08,1,Auto,5701
2017-08,1,Other,52751
2017-08,2,Real Estate,42900
2017-08,2,Commercial,51000
2017-08,2,Unsecured,42004
2017-08,2,Auto,3512
2017-08,2,Other,50000
2017-09,1,Real Estate,36001
2017-09,1,Commercial,49000
2017-09,1,Unsecured,43002
2017-09,1,Auto,5402
2017-09,1,Other,48005
2017-09,2,Real Estate,42902
2017-09,2,Commercial,49189
2017-09,2,Unsecured,46890
2017-09,2,Auto,5501
2017-09,2,Other,49012
2017-10,1,Real Estate,41761
2017-10,1,Commercial,48109
2017-10,1,Unsecured,48902
2017-10,1,Auto,5010
2017-10,1,Other,49000
2017-10,2,Real Estate,41617
2017-10,2,Commercial,49996
2017-10,2,Unsecured,51890
2017-10,2,Auto,4903
2017-10,2,Other,52000
2017-11,1,Real Estate,47112
2017-11,1,Commercial,57414
2017-11,1,Unsecured,58036
2017-11,1,Auto,5502
2017-11,1,Other,57000
2017-11,2,Real Estate,46791
2017-11,2,Commercial,57390
2017-11,2,Unsecured,57701
2017-11,2,Auto,5992
2017-11,2,Other,57501
2017-12,1,Real Estate,42339
2017-12,1,Commercial,53711
2017-12,1,Unsecured,42000
2017-12,1,Auto,6552
2017-12,1,Other,54334
2017-12,2,Real Estate,38200
2017-12,2,Commercial,47002
2017-12,2,Unsecured,45112
2017-12,2,Auto,7501
2017-12,2,Other,48011
2018-01,1,Real Estate,41400
2018-01,1,Commercial,45289
2018-01,1,Unsecured,40101
2018-01,1,Auto,7701
2018-01,1,Other,47390
2018-01,2,Real Estate,36890
2018-01,2,Commercial,42661
2018-01,2,Unsecured,39000
2018-01,2,Auto,8001
2018-01,2,Other,44000
2018-02,1,Real Estate,40000
2018-02,1,Commercial,42322
2018-02,1,Unsecured,38303
2018-02,1,Auto,8451
2018-02,1,Other,39903
2018-02,2,Real Estate,36810
2018-02,2,Commercial,39000
2018-02,2,Unsecured,36859
2018-02,2,Auto,7667
2018-02,2,Other,38801
2018-03,1,Real Estate,38830
2018-03,1,Commercial,39001
2018-03,1,Unsecured,36003
2018-03,1,Auto,8009
2018-03,1,Other,39000
2018-03,2,Real Estate,38000
2018-03,2,Commercial,37010
2018-03,2,Unsecured,35001
2018-03,2,Auto,7602
2018-03,2,Other,38000
2018-04,1,Real Estate,37000
2018-04,1,Commercial,37605
2018-04,1,Unsecured,34001
2018-04,1,Auto,7114
2018-04,1,Other,38039
2018-04,2,Real Estate,38510
2018-04,2,Commercial,37330
2018-04,2,Unsecured,34202
2018-04,2,Auto,7115
2018-04,2,Other,38389
2018-05,1,Real Estate,38941
2018-05,1,Commercial,38501
2018-05,1,Unsecured,33190
2018-05,1,Auto,7204
2018-05,1,Other,38600
2018-05,2,Real Estate,38001
2018-05,2,Commercial,37989
2018-05,2,Unsecured,29901
2018-05,2,Auto,7115
2018-05,2,Other,38700
2018-06,1,Real Estate,36426
2018-06,1,Commercial,36000
2018-06,1,Unsecured,29902
2018-06,1,Auto,7001
2018-06,1,Other,37000
2018-06,2,Real Estate,34110
2018-06,2,Commercial,33900
2018-06,2,Unsecured,32001
2018-06,2,Auto,6889
2018-06,2,Other,34400
2018-07,1,Real Estate,25000
2018-07,1,Commercial,31000
2018-07,1,Unsecured,31092
2018-07,1,Auto,6514
2018-07,1,Other,31001
2018-07,2,Real Estate,32699
2018-07,2,Commercial,32551
2018-07,2,Unsecured,30889
2018-07,2,Auto,6189
2018-07,2,Other,32809
2018-08,1,Real Estate,33798
2018-08,1,Commercial,34381
2018-08,1,Unsecured,30389
2018-08,1,Auto,5514
2018-08,1,Other,33420
2018-08,2,Real Estate,31997
2018-08,2,Commercial,32429
2018-08,2,Unsecured,29902
2018-08,2,Auto,4889
2018-08,2,Other,32311
2018-09,1,Real Estate,30209
2018-09,1,Commercial,32001
2018-09,1,Unsecured,27001
2018-09,1,Auto,4390
2018-09,1,Other,31801
2018-09,2,Real Estate,28000
2018-09,2,Commercial,31307
2018-09,2,Unsecured,27104
2018-09,2,Auto,4214
2018-09,2,Other,32000
2018-10,1,Real Estate,28457
2018-10,1,Commercial,31301
2018-10,1,Unsecured,28501
2018-10,1,Auto,4109
2018-10,1,Other,32552
2018-10,2,Real Estate,25556
2018-10,2,Commercial,31302
2018-10,2,Unsecured,29501
2018-10,2,Auto,3951
2018-10,2,Other,32900
2018-11,1,Real Estate,28199
2018-11,1,Commercial,32302
2018-11,1,Unsecured,29501
2018-11,1,Auto,2509
2018-11,1,Other,32000
2018-11,2,Real Estate,25000
2018-11,2,Commercial,31101
2018-11,2,Unsecured,27509
2018-11,2,Auto,2989
2018-11,2,Other,30959
2018-12,1,Real Estate,23568
2018-12,1,Commercial,31001
2018-12,1,Unsecured,27009
2018-12,1,Auto,3399
2018-12,1,Other,30851
2018-12,2,Real Estate,25501
2018-12,2,Commercial,31001
2018-12,2,Unsecured,27001
2018-12,2,Auto,3789
2018-12,2,Other,31809